user,action,camera,gt,n_cameras,beta_n_frames,angle_deg,n_frames,conf_thresh,stature_mm,joint_variant,err_smooth_all_mm,err_smooth_conf_mm,err_placed_all_mm,err_placed_conf_mm,err_smooth_all_pct_stature,err_smooth_conf_pct_stature,err_placed_all_pct_stature,err_placed_conf_pct_stature,pa_mpjpe_mm,n_mpjpe_mm,beta_00,beta_01,beta_02,beta_03,beta_04,beta_05,beta_06,beta_07,beta_08,beta_09,errj_Hip_mm,errj_RHip_mm,errj_RKnee_mm,errj_RAnkle_mm,errj_LHip_mm,errj_LKnee_mm,errj_LAnkle_mm,errj_Spine_mm,errj_Thorax_mm,errj_Nose_mm,errj_Head_mm,errj_LShoulder_mm,errj_LElbow_mm,errj_LWrist_mm,errj_RShoulder_mm,errj_RElbow_mm,errj_RWrist_mm,bone_r_thigh_ratio,bone_r_shank_ratio,bone_l_thigh_ratio,bone_l_shank_ratio,bone_l_upperarm_ratio,bone_l_forearm_ratio,bone_r_upperarm_ratio,bone_r_forearm_ratio,bone_hip_width_ratio,bone_shoulder_width_ratio
User03,P03_CMJM_01,01,triangulated,9,1,7.06,375,0.3,1890.0,smooth_all,447.726,447.726,464.122,464.122,23.689,23.689,24.557,24.557,163.261,266.275,-1.31124,-0.13305,-0.66196,-0.87197,-0.21607,-0.13326,0.32676,0.0109,-0.80708,-0.12107,420.193,408.719,220.816,254.662,449.341,194.54,95.483,,617.678,,,632.038,735.099,758.222,549.576,374.896,556.902,1.0517,1.0226,1.0769,0.9953,0.9582,1.1494,0.9924,1.0576,1.4953,0.9287
User03,P03_CMJM_01,00,triangulated,9,87,39.66,375,0.3,1890.0,smooth_all,241.661,241.286,232.802,232.614,12.786,12.766,12.318,12.308,79.717,96.217,-0.45372,0.05165,0.03121,0.0828,0.01171,-0.01608,-0.02097,-0.00315,0.0371,0.02333,208.245,244.513,290.228,239.336,181.858,340.765,343.744,,167.699,,,170.266,336.155,370.083,134.588,158.179,197.6,1.0368,1.0022,1.049,0.9681,0.945,1.0764,0.9732,0.9926,1.3839,0.9569
User03,P03_CMJM_01,08,triangulated,9,112,69.53,375,0.3,1890.0,smooth_all,174.587,174.304,218.771,218.812,9.237,9.222,11.575,11.577,83.861,132.915,-0.34395,0.12731,0.01414,0.0959,0.05364,-0.01418,-0.02165,-0.01292,0.078,0.02217,93.607,121.023,159.274,141.803,135.801,232.389,211.658,,98.869,,,116.682,292.572,334.612,141.477,187.81,176.642,1.0343,1.0056,1.0419,0.9699,0.9214,1.0669,0.9451,0.9618,1.416,0.9404
User03,P03_CMJM_01,07,triangulated,9,113,85.56,375,0.3,1890.0,smooth_all,144.721,144.721,185.712,185.712,7.657,7.657,9.826,9.826,71.27,100.68,-0.29247,0.10511,0.01344,0.08916,0.0504,-0.02351,-0.02729,-0.01502,0.08459,0.03215,95.559,115.983,148.169,145.434,111.163,173.574,161.426,,122.429,,,119.855,170.565,217.703,147.834,143.683,153.084,1.0283,1.0033,1.0326,0.976,0.9187,1.0805,0.9594,0.9808,1.3833,0.9449
User03,P03_CMJM_01,06,triangulated,9,112,112.63,375,0.3,1890.0,smooth_all,221.475,221.303,229.542,229.495,11.718,11.709,12.145,12.143,74.995,86.052,-0.42438,0.10528,0.00308,0.0753,0.03515,-0.02728,-0.01686,-0.0082,0.04543,0.02055,179.782,179.76,258.499,182.346,193.798,256.422,186.284,,183.657,,,180.73,299.287,386.311,150.228,216.484,247.058,1.0394,1.0041,1.0409,0.9752,0.9338,1.0524,0.9497,0.9716,1.3937,0.9382
User03,P03_CMJM_01,05,triangulated,9,23,159.6,375,0.3,1890.0,smooth_all,264.73,259.196,263.601,257.703,14.007,13.714,13.947,13.635,81.529,85.869,-0.53208,0.08524,-0.03114,0.01228,-0.00904,-0.01853,-0.00186,0.00636,0.01495,0.01562,239.986,216.908,308.45,245.203,270.716,233.761,115.259,,269.985,,,242.324,267.519,352.305,270.08,350.777,322.946,1.0543,0.996,1.0466,0.9821,0.9456,1.1237,0.9741,0.9643,1.3954,0.9516
User03,P03_CMJM_01,04,triangulated,9,105,228.51,375,0.3,1890.0,smooth_all,172.455,172.85,163.225,163.527,9.125,9.146,8.636,8.652,86.698,96.961,-0.26334,0.15086,-0.02587,0.02086,0.03093,-0.01499,0.03736,0.01093,0.00265,-0.00662,189.006,183.651,126.526,178.932,205.232,77.77,101.146,,232.86,,,227.034,123.863,141.372,258.526,208.17,159.77,1.0483,0.9917,1.0627,0.9764,0.9179,1.0832,0.953,1.0014,1.3646,0.9292
User03,P03_CMJM_01,03,triangulated,9,110,265.36,375,0.3,1890.0,smooth_all,159.146,159.146,232.535,232.535,8.42,8.42,12.303,12.303,108.191,114.183,-0.29364,0.26129,-0.08686,-0.00979,0.05431,-0.02532,0.04256,0.02865,0.05349,-0.00547,198.786,203.21,96.382,174.873,205.093,87.534,157.027,,183.684,,,185.938,117.384,170.804,203.016,114.173,129.975,1.0382,0.9834,1.0626,0.9683,0.9313,1.0882,0.9638,0.9857,1.3397,0.9413
User03,P03_CMJM_01,02,triangulated,9,99,326.7,375,0.3,1890.0,smooth_all,236.865,236.156,228.151,227.593,12.533,12.495,12.072,12.042,82.128,98.483,-0.25652,0.0599,-0.00085,-0.02859,0.01646,-0.00878,0.03045,0.00306,-0.0292,-0.01175,242.75,257.477,125.071,160.329,243.984,193.869,262.882,,304.747,,,330.061,289.774,157.714,300.922,234.245,212.291,1.0477,1.014,1.0659,0.9776,0.9401,1.0362,0.9533,0.9692,1.402,0.9387
User03,P03_HOP_01,00,triangulated,7,76,39.13,525,0.3,1890.0,smooth_all,321.542,319.351,295.201,293.054,17.013,16.897,15.619,15.506,89.832,130.642,-0.95508,0.07964,-0.13262,-0.11678,-0.07032,-0.01604,0.00196,0.01016,-0.00179,0.00609,289.925,325.808,400.449,401.386,265.715,446.911,483.317,,192.28,,,201.853,373.487,412.463,154.449,215.114,338.426,1.04,0.9868,1.0425,0.9787,0.9871,1.0907,0.9932,1.0117,1.4324,0.9408
User03,P03_HOP_01,08,triangulated,7,158,69.24,525,0.3,1890.0,smooth_all,179.428,179.347,156.114,156.03,9.494,9.489,8.26,8.256,60.002,79.043,-0.24961,0.09563,0.02869,0.06167,0.03814,-0.02073,-0.02502,-0.01003,0.08214,0.02256,168.442,208.089,189.966,183.604,142.974,192.016,207.877,,103.071,,,81.477,153.698,213.51,115.32,262.474,289.477,1.0266,1.0097,1.0261,0.9971,0.9717,1.0675,0.972,0.9629,1.3937,0.9444
User03,P03_HOP_01,07,triangulated,7,158,85.36,525,0.3,1890.0,smooth_all,126.33,126.33,111.536,111.536,6.684,6.684,5.901,5.901,68.585,88.023,-0.17883,0.07794,0.0392,0.07827,0.04432,-0.0212,-0.03375,-0.01065,0.08816,0.0259,83.759,122.796,141.496,145.768,81.614,120.835,133.326,,76.035,,,105.608,78.327,178.187,67.645,211.85,221.375,1.0224,1.0037,1.0192,0.9965,0.965,1.102,0.9827,1.0003,1.3617,0.9438
User03,P03_HOP_01,06,triangulated,7,158,112.65,525,0.3,1890.0,smooth_all,256.618,256.618,219.599,219.599,13.578,13.578,11.619,11.619,55.435,74.325,-0.29332,0.06208,-0.00104,0.03268,0.02207,-0.03156,-0.00863,-0.00747,0.02548,0.01021,245.713,217.936,201.273,143.35,279.866,242.605,166.915,,259.654,,,264.074,406.806,447.784,212.477,246.49,257.71,1.0246,1.0007,1.0227,0.9963,0.9809,1.0906,0.9741,0.963,1.3741,0.9363
User03,P03_HOP_01,04,triangulated,7,156,229.13,525,0.3,1890.0,smooth_all,155.512,155.346,110.214,108.919,8.228,8.219,5.831,5.763,63.808,75.143,-0.22268,0.07579,-0.03715,-0.03676,0.01373,-0.02969,0.04383,-0.0016,-0.061,-0.01872,162.369,151.404,124.833,155.782,186.407,111.946,96.392,,188.734,,,198.726,135.981,140.943,207.394,171.53,144.662,1.0386,0.9934,1.0372,0.994,0.9645,1.0888,0.9923,1.0009,1.4008,0.9298
User03,P03_HOP_01,03,triangulated,7,158,265.59,525,0.3,1890.0,smooth_all,153.122,153.122,126.194,126.194,8.102,8.102,6.677,6.677,99.335,102.504,-0.21562,0.15774,0.0044,0.04455,0.05566,-0.02035,0.00693,0.0141,0.0721,0.00305,191.712,209.505,129.003,160.194,184.533,100.179,114.276,,184.477,,,176.724,133.403,175.414,212.972,81.343,89.981,1.0283,0.9849,1.0369,0.9863,0.9788,1.0935,0.9908,0.9896,1.3717,0.9303
User03,P03_HOP_01,02,triangulated,7,150,326.34,525,0.3,1890.0,smooth_all,167.495,166.672,132.206,129.978,8.862,8.819,6.995,6.877,85.395,91.479,-0.21693,0.07497,-0.00872,-0.02016,0.0255,-0.01806,0.03434,-0.00018,-0.01425,-0.00678,177.996,198.798,120.769,137.444,175.28,118.369,170.932,,204.18,,,229.232,167.644,87.368,196.061,188.043,172.819,1.0256,1.0005,1.0457,0.9925,0.951,1.0939,0.9757,0.9822,1.4443,0.9365
User03,P03_WALK_01,00,triangulated,4,17,54.11,375,0.3,1890.0,smooth_all,150.269,150.269,162.306,162.306,7.951,7.951,8.588,8.588,101.635,118.111,-0.7644,0.07477,-0.17155,-0.19907,-0.0298,-0.01582,0.04343,0.02207,-0.071,0.00367,121.547,76.184,123.73,159.118,196.005,195.178,239.236,,117.097,,,146.68,221.27,214.534,122.482,93.018,77.687,1.1179,0.9107,1.1327,0.9121,1.004,0.9497,0.9936,0.9748,1.4997,0.9371
User03,P03_WALK_01,08,triangulated,4,41,75.85,375,0.3,1890.0,smooth_all,152.075,152.075,213.712,213.712,8.046,8.046,11.308,11.308,103.075,133.829,-0.37858,0.14373,-0.06809,-0.05521,-0.01594,-0.02783,-0.01998,0.01517,0.06436,0.02596,85.561,116.23,168.259,264.075,93.19,288.058,385.015,,98.86,,,98.925,119.299,124.556,88.308,89.949,107.409,1.1244,0.9172,1.1075,0.9095,1.0114,0.9933,0.9946,0.9741,1.4858,0.9358
User03,P03_WALK_01,07,triangulated,4,59,88.64,375,0.3,1890.0,smooth_all,359.169,359.169,358.58,358.58,19.004,19.004,18.972,18.972,120.944,137.675,-0.28302,0.17432,-0.11838,-0.13071,-0.03311,-0.04047,-0.0013,0.01231,0.05269,0.02803,237.143,261.469,463.406,491.887,243.54,549.179,562.754,,314.634,,,295.898,297.227,353.276,294.374,308.431,355.144,1.1241,0.8914,1.15,0.9061,1.0443,0.9804,1.0087,0.9993,1.5162,0.9296
User03,P03_WALK_01,06,triangulated,4,33,109.42,375,0.3,1890.0,smooth_all,134.11,134.11,186.318,186.318,7.096,7.096,9.858,9.858,98.345,126.779,-0.28924,0.13656,-0.06445,-0.05845,0.02357,-0.0188,-0.02029,0.01397,0.06904,0.02047,68.924,95.083,134.751,178.54,102.421,218.401,266.005,,87.066,,,87.659,110.943,163.381,109.23,139.872,116.065,1.1198,0.9218,1.1066,0.8838,1.0214,0.9432,0.9745,0.9529,1.4522,0.9551
User04,P04_CMJM_01,00,triangulated,7,2,39.53,375,0.3,1896.0,smooth_all,233.984,224.423,233.984,224.424,12.341,11.837,12.341,11.837,148.311,207.249,-1.19651,-0.07231,-0.41743,-0.57187,-0.19418,-0.05276,0.15164,0.03053,-0.48451,-0.11777,109.2,100.791,169.149,312.424,171.884,220.111,367.618,,178.427,,,115.094,358.274,473.149,243.495,194.097,262.063,1.0871,1.037,1.0654,1.0271,1.0235,1.1847,1.0675,1.1166,1.4943,0.9284
User04,P04_CMJM_01,08,triangulated,7,112,67.99,375,0.3,1896.0,smooth_all,165.615,164.985,171.425,170.944,8.735,8.702,9.041,9.016,81.246,117.805,-0.23628,0.09201,0.02208,0.0551,0.04869,-0.02105,-0.02011,-0.00625,0.0542,0.01333,103.573,107.891,192.035,159.423,149.439,272.373,233.833,,79.875,,,85.982,222.65,302.831,111.497,117.086,180.128,1.0606,1.0207,1.0433,1.0198,0.9755,1.1598,1.0038,1.0169,1.4337,0.914
User04,P04_CMJM_01,07,triangulated,7,113,85.78,375,0.3,1896.0,smooth_all,118.121,118.121,125.862,125.862,6.23,6.23,6.638,6.638,74.455,92.577,-0.17131,0.0722,0.03873,0.05929,0.0523,-0.0261,-0.02597,-0.01292,0.07,0.02141,68.91,84.647,134.852,103.178,90.905,161.746,121.734,,77.319,,,82.928,131.203,223.614,94.666,121.162,157.172,1.0609,1.0264,1.0487,1.0085,0.9814,1.1708,1.0283,1.0852,1.3906,0.92
User04,P04_CMJM_01,06,triangulated,7,110,113.06,375,0.3,1896.0,smooth_all,194.564,194.449,181.934,181.959,10.262,10.256,9.596,9.597,76.076,82.003,-0.33408,0.07892,0.03476,0.06373,0.04529,-0.03038,-0.02491,-0.00767,0.06026,0.01836,140.736,155.269,242.98,149.094,155.849,205.706,126.307,,167.58,,,151.715,256.555,343.235,159.538,223.717,245.62,1.0583,1.0218,1.0379,1.0131,1.0021,1.1379,1.036,1.047,1.4101,0.9263
User04,P04_CMJM_01,04,triangulated,7,109,228.85,375,0.3,1896.0,smooth_all,161.22,159.586,141.709,139.803,8.503,8.417,7.474,7.374,98.085,111.499,-0.2136,0.23086,0.00336,0.03006,0.0464,-0.01348,0.01464,0.01851,0.07909,0.00188,185.172,204.115,126.399,197.772,181.707,92.424,96.276,,174.596,,,159.368,183.114,187.201,210.976,124.269,133.439,1.0758,1.0276,1.0747,1.0166,0.9768,1.1936,1.0318,1.2145,1.409,0.8992
User04,P04_CMJM_01,03,triangulated,7,113,266.68,375,0.3,1896.0,smooth_all,148.774,148.774,141.148,141.148,7.847,7.847,7.445,7.445,113.862,118.341,-0.21352,0.17274,-0.01304,0.01642,0.05045,-0.01705,0.00674,0.01714,0.06401,0.00211,217.425,201.196,68.249,111.693,244.153,81.552,99.418,,206.576,,,236.174,80.568,115.295,192.82,114.401,113.008,1.067,1.0274,1.0573,1.0299,0.9892,1.1977,1.0408,1.0881,1.3852,0.9117
User04,P04_CMJM_01,02,triangulated,7,106,326.07,375,0.3,1896.0,smooth_all,189.862,189.29,179.472,178.989,10.014,9.984,9.466,9.44,78.093,82.617,-0.1904,0.02555,0.04794,-0.00522,0.03385,-0.00437,0.01557,0.00178,-0.01313,-0.01353,214.365,240.109,104.798,119.776,206.326,205.904,252.709,,212.793,,,235.391,185.168,111.266,205.754,199.246,164.468,1.0799,1.0433,1.0567,1.0267,1.0366,1.2462,1.021,1.0652,1.4477,0.9163
User04,P04_HOP_01,00,triangulated,8,1,39.42,600,0.3,1896.0,smooth_all,311.126,289.09,311.126,289.09,16.41,15.247,16.41,15.247,133.284,148.482,-1.22239,0.02504,-0.4072,-0.57389,-0.20185,-0.06312,0.10428,0.02646,-0.3536,-0.07726,227.676,230.194,265.582,239.239,258.55,404.056,462.806,,164.158,,,220.787,479.12,597.598,96.035,254.403,455.559,1.0786,1.0267,1.0666,0.9984,1.043,1.2291,1.0684,1.181,1.4789,0.9471
User04,P04_HOP_01,08,triangulated,8,180,67.88,600,0.3,1896.0,smooth_all,259.295,259.23,211.681,211.569,13.676,13.672,11.165,11.159,77.832,104.172,-0.26051,0.0858,0.02987,0.05901,0.03756,-0.02416,-0.0321,-0.00983,0.06382,0.01229,235.225,251.694,306.932,302.912,228.777,305.408,319.816,,152.01,,,146.725,254.116,326.666,146.931,286.386,366.527,1.0235,1.0097,1.0236,0.9831,1.0113,1.1638,1.0226,1.0748,1.4235,0.9467
User04,P04_HOP_01,07,triangulated,8,180,85.65,600,0.3,1896.0,smooth_all,195.529,195.529,150.741,150.741,10.313,10.313,7.95,7.95,78.443,102.886,-0.20172,0.07337,0.02569,0.05525,0.03899,-0.02814,-0.02828,-0.01149,0.05974,0.02173,151.062,178.421,233.393,229.658,140.784,197.641,200.472,,122.116,,,122.612,195.512,290.403,127.765,243.261,304.311,1.0291,1.0177,1.0236,0.9931,0.9998,1.1815,1.0323,1.134,1.4018,0.9414
User04,P04_HOP_01,06,triangulated,8,176,112.95,600,0.3,1896.0,smooth_all,244.02,244.109,173.912,174.062,12.87,12.875,9.173,9.18,71.829,81.388,-0.25782,0.08133,-0.00227,0.01607,0.01539,-0.03206,-0.00892,-0.0068,0.01872,0.00521,220.773,202.655,226.07,187.971,246.694,215.113,134.236,,230.785,,,234.013,370.744,432.045,195.272,236.123,283.788,1.0391,1.0193,1.0359,0.9981,1.0062,1.1836,1.0374,1.1025,1.3766,0.9318
User04,P04_HOP_01,05,triangulated,8,3,160.29,600,0.3,1896.0,smooth_all,370.368,359.077,359.475,347.731,19.534,18.939,18.96,18.34,139.341,155.977,-1.21251,0.0274,-0.33015,-0.41927,-0.1579,-0.0664,0.08286,0.03039,-0.28811,-0.0767,289.49,296.62,454.372,416.791,308.555,305.306,132.307,,312.15,,,270.512,337.38,540.515,352.279,561.459,607.416,1.0802,1.0022,1.0768,0.9807,1.034,1.245,1.0765,1.2126,1.4776,0.9346
User04,P04_HOP_01,04,triangulated,8,158,229.01,600,0.3,1896.0,smooth_all,228.014,229.343,151.678,150.264,12.026,12.096,8.0,7.925,107.659,116.904,-0.31074,0.22287,-0.04233,0.0004,0.03259,-0.019,0.03769,0.0189,0.03538,-0.00784,270.374,268.237,220.859,296.202,280.677,149.762,183.284,,260.956,,,238.323,187.042,184.664,304.998,194.534,152.29,1.0829,1.0044,1.0808,0.9852,0.994,1.2226,1.0224,1.218,1.399,0.9349
User04,P04_HOP_01,03,triangulated,8,180,266.82,600,0.3,1896.0,smooth_all,180.467,180.467,140.664,140.664,9.518,9.518,7.419,7.419,120.526,123.81,-0.21661,0.18976,-0.02739,-0.00706,0.04571,-0.02492,0.02445,0.01923,0.05056,-0.00402,233.537,246.769,142.685,175.688,231.337,145.654,163.948,,198.594,,,196.136,126.277,181.538,215.901,120.753,147.726,1.0551,1.0174,1.0565,0.9954,0.9967,1.2252,1.0436,1.1784,1.3888,0.9306
User04,P04_HOP_01,02,triangulated,8,169,326.14,600,0.3,1896.0,smooth_all,201.916,201.383,130.499,129.181,10.65,10.621,6.883,6.813,89.413,94.478,-0.30877,0.06047,-0.02233,-0.0493,0.01024,-0.01668,0.04342,-0.00193,-0.05445,-0.02192,223.935,246.561,128.214,144.948,215.458,214.911,310.567,,211.794,,,230.294,161.039,118.23,211.738,202.15,206.987,1.0743,1.0196,1.0992,0.9877,0.9984,1.2715,1.0351,1.1623,1.4322,0.9374
User06,P06_CMJM_01,00,triangulated,8,21,39.5,375,0.3,1680.0,smooth_all,801.198,800.932,680.416,682.07,47.69,47.675,40.501,40.599,120.93,239.43,-1.08845,-0.04666,-0.18957,-0.1952,-0.07573,-0.05036,0.02907,0.00728,-0.12352,-0.02604,758.177,728.428,922.549,1100.753,797.898,1095.943,1352.614,,440.095,,,531.885,845.184,933.181,385.474,543.33,780.27,1.0967,0.9416,1.0782,0.9417,1.1297,1.1655,1.109,1.2323,1.3356,0.8922
User06,P06_CMJM_01,08,triangulated,8,113,67.97,375,0.3,1680.0,smooth_all,170.334,170.334,221.516,221.516,10.139,10.139,13.185,13.185,66.134,106.746,-0.29617,0.0788,0.03042,0.06378,0.04211,-0.02246,-0.02587,-0.01511,0.05783,0.01608,113.174,102.533,195.232,202.104,141.533,240.915,277.307,,90.034,,,118.443,249.303,303.732,86.674,99.806,163.881,1.0729,0.975,1.0665,0.9632,1.0957,1.0911,1.0318,1.1137,1.3054,0.8963
User06,P06_CMJM_01,07,triangulated,8,113,86.05,375,0.3,1680.0,smooth_all,131.47,131.47,153.082,153.082,7.826,7.826,9.112,9.112,65.205,89.923,-0.33921,0.10916,0.02825,0.07858,0.04537,-0.02637,-0.04026,-0.0151,0.09652,0.02944,90.977,90.82,130.888,147.427,108.851,167.44,190.223,,84.13,,,97.348,153.203,244.945,91.857,86.299,158.174,1.0794,0.963,1.056,0.9642,1.0845,1.1091,1.0517,1.1798,1.2396,0.8745
User06,P06_CMJM_01,06,triangulated,8,111,112.89,375,0.3,1680.0,smooth_all,204.955,204.809,207.973,207.822,12.2,12.191,12.379,12.37,69.483,85.163,-0.29736,0.05458,0.05404,0.08693,0.04736,-0.02794,-0.03537,-0.00831,0.0635,0.02218,163.065,170.877,243.274,221.74,162.887,223.317,196.385,,156.297,,,153.445,191.892,316.163,141.445,251.145,277.445,1.0798,0.9552,1.0479,0.9562,1.0847,1.1459,1.0783,1.1163,1.2658,0.8883
User06,P06_CMJM_01,05,triangulated,8,1,165.73,375,0.3,1680.0,smooth_all,234.518,220.382,230.306,216.151,13.959,13.118,13.709,12.866,117.173,145.941,-1.34055,0.12915,-0.33222,-0.41282,-0.17257,-0.07956,0.047,0.03161,-0.17889,-0.05578,170.091,193.275,298.508,325.599,181.411,143.708,113.561,,159.876,,,143.83,149.168,330.676,195.041,418.281,460.227,1.107,0.937,1.0888,0.9558,1.1326,1.1675,1.1205,1.222,1.3328,0.8755
User06,P06_CMJM_01,04,triangulated,8,106,228.29,375,0.3,1680.0,smooth_all,203.629,203.71,160.811,159.752,12.121,12.126,9.572,9.509,86.104,92.322,-0.36614,0.21967,-0.05154,-0.00139,0.05321,-0.01822,0.04837,0.01363,0.00116,-0.02298,245.535,248.863,184.889,254.656,248.024,116.971,129.561,,239.069,,,226.368,175.18,210.588,272.707,176.994,121.396,1.0879,0.9421,1.0844,0.9597,1.0811,1.1193,1.0815,1.2504,1.2952,0.8667
User06,P06_CMJM_01,03,triangulated,8,113,266.95,375,0.3,1680.0,smooth_all,211.09,211.09,192.484,192.484,12.565,12.565,11.457,11.457,101.812,105.314,-0.24353,0.15274,-0.01704,0.03506,0.0507,-0.01259,0.01456,0.01717,0.06518,-0.00803,305.773,309.961,218.472,241.482,304.421,177.047,167.001,,267.855,,,270.975,117.157,96.959,281.194,113.986,82.968,1.0716,0.9444,1.0616,0.9554,1.0855,1.1502,1.0733,1.2006,1.2489,0.8703
User06,P06_CMJM_01,02,triangulated,8,83,326.12,375,0.3,1680.0,smooth_all,266.411,268.313,248.346,249.46,15.858,15.971,14.783,14.849,87.15,92.346,-0.26506,0.08461,0.06042,0.0425,0.03619,-0.00129,-0.01832,0.00272,0.06646,0.00735,284.594,277.556,176.607,208.457,310.066,273.269,403.599,,285.674,,,315.879,277.552,150.43,264.944,238.821,262.305,1.1031,0.9591,1.0716,0.9434,1.118,1.1759,1.0764,1.1391,1.3231,0.8832
User06,P06_HOP_01,00,triangulated,7,20,38.8,525,0.3,1680.0,smooth_all,378.85,372.774,376.36,370.649,22.551,22.189,22.402,22.062,115.128,152.762,-1.09887,-0.04063,-0.28221,-0.35287,-0.10854,-0.04802,0.07098,0.0214,-0.26453,-0.06041,287.102,313.823,427.269,420.029,270.518,489.385,594.985,,233.295,,,273.094,495.428,581.87,176.891,278.964,461.245,1.0835,0.938,1.0743,0.93,1.1234,1.1411,1.068,1.2281,1.37,0.8897
User06,P06_HOP_01,08,triangulated,7,158,67.73,525,0.3,1680.0,smooth_all,199.604,199.604,197.779,197.779,11.881,11.881,11.773,11.773,64.272,97.312,-0.13912,0.08314,0.0573,0.08101,0.06018,-0.0186,-0.02912,-0.00972,0.08646,0.02003,157.393,171.283,200.377,235.194,155.614,238.839,324.818,,105.082,,,121.039,251.393,268.21,96.491,205.21,264.378,1.0578,0.9752,1.0497,0.9501,1.1091,1.0344,1.0343,1.1261,1.3201,0.8925
User06,P06_HOP_01,07,triangulated,7,158,86.04,525,0.3,1680.0,smooth_all,125.623,125.623,135.332,135.332,7.478,7.478,8.055,8.055,63.389,94.853,-0.17541,0.10813,0.06159,0.07777,0.05926,-0.01979,-0.04635,-0.00736,0.12573,0.03187,78.83,103.172,127.266,169.926,76.681,128.466,191.41,,60.537,,,83.372,113.561,205.829,72.459,149.389,198.332,1.0569,0.9716,1.0384,0.9563,1.0786,1.0894,1.041,1.1814,1.2693,0.8742
User06,P06_HOP_01,06,triangulated,7,158,113.27,525,0.3,1680.0,smooth_all,235.199,235.199,226.073,226.073,14.0,14.0,13.457,13.457,57.375,68.597,-0.23307,0.02185,0.03718,0.03645,0.0315,-0.03148,-0.0187,-0.0067,0.02404,0.01117,206.384,187.556,194.245,199.08,229.725,224.682,202.368,,215.448,,,216.868,327.474,407.667,180.63,237.704,262.951,1.0583,0.9639,1.0406,0.9445,1.0967,1.1652,1.075,1.1049,1.2829,0.8867
User06,P06_HOP_01,04,triangulated,7,78,229.02,525,0.3,1680.0,smooth_all,149.383,142.645,139.309,131.655,8.892,8.491,8.292,7.837,91.187,102.835,-0.27024,0.08413,-0.00619,-0.02106,0.01479,-0.02716,0.02151,0.00235,-0.01067,-0.01785,172.803,170.459,99.95,116.37,183.55,86.706,63.993,,183.84,,,163.388,178.386,252.235,225.047,121.581,73.052,1.0638,0.9529,1.0558,0.9497,1.0891,1.1179,1.0606,1.2405,1.3201,0.8729
User06,P06_HOP_01,03,triangulated,7,158,266.95,525,0.3,1680.0,smooth_all,164.493,164.515,155.509,155.524,9.791,9.793,9.256,9.257,98.52,102.065,-0.20191,0.1162,0.04304,0.06258,0.04728,-0.0146,-0.0132,0.00946,0.08207,0.00562,251.579,266.186,156.926,133.417,241.055,132.893,90.125,,228.859,,,221.072,65.259,98.317,255.304,84.69,77.225,1.0556,0.9554,1.0563,0.9437,1.0869,1.1225,1.0467,1.1975,1.2789,0.8643
User06,P06_HOP_01,02,triangulated,7,100,325.26,525,0.3,1680.0,smooth_all,430.728,434.143,421.178,424.777,25.639,25.842,25.07,25.284,109.864,137.908,-0.41952,0.09516,-0.169,-0.2779,-0.07803,-0.00121,0.09802,0.03526,-0.16193,-0.05611,477.567,469.825,281.815,254.739,493.768,382.584,429.419,,558.484,,,596.434,507.069,304.394,515.213,379.31,379.571,1.0931,0.9526,1.0789,0.9337,1.0928,1.1682,1.0584,1.2141,1.3781,0.8922
User08,P08_CMJM_01,00,triangulated,7,94,39.02,375,0.3,1820.0,smooth_all,352.931,352.931,336.89,336.89,19.392,19.392,18.51,18.51,83.936,104.022,-0.46619,0.07416,0.03562,0.09309,0.00737,-0.01886,-0.03526,0.00028,0.05663,0.0219,320.466,338.689,387.075,288.224,314.476,515.11,507.236,,283.837,,,305.401,406.143,436.761,240.634,265.557,331.422,1.0777,1.0008,1.0874,0.9932,1.0089,1.0569,1.0444,0.9888,1.3873,0.8907
User08,P08_CMJM_01,08,triangulated,7,113,67.52,375,0.3,1820.0,smooth_all,234.937,234.937,249.501,249.501,12.909,12.909,13.709,13.709,65.506,78.419,-0.32251,0.08535,0.03575,0.08335,0.05097,-0.02327,-0.03749,-0.01532,0.08842,0.02288,195.387,222.972,292.898,246.747,177.983,295.449,301.251,,169.42,,,160.182,224.397,285.673,160.538,255.031,301.185,1.0639,1.0058,1.0608,1.0232,0.9933,1.0527,0.9924,0.9533,1.3739,0.8829
User08,P08_CMJM_01,07,triangulated,7,113,85.31,375,0.3,1820.0,smooth_all,180.238,180.238,198.966,198.966,9.903,9.903,10.932,10.932,72.634,89.035,-0.27685,0.11866,0.03329,0.08065,0.05817,-0.02827,-0.04534,-0.01452,0.10121,0.02617,130.929,152.353,239.364,218.534,128.739,243.33,213.21,,97.214,,,94.754,135.229,226.471,108.689,250.146,285.184,1.0582,1.0079,1.0624,1.015,0.9842,1.0715,1.0122,0.9751,1.3371,0.8671
User08,P08_CMJM_01,06,triangulated,7,111,113.03,375,0.3,1820.0,smooth_all,377.36,377.36,366.339,366.339,20.734,20.734,20.129,20.129,75.016,84.541,-0.36815,0.04947,0.02111,0.0746,0.04346,-0.03337,-0.0248,-0.00682,0.0374,0.01848,338.374,340.016,406.292,311.377,342.706,386.844,244.391,,379.955,,,358.633,453.232,507.13,361.164,421.396,431.532,1.0709,1.0072,1.0742,1.0028,1.0107,1.085,1.0103,0.9668,1.3637,0.8845
User08,P08_CMJM_01,04,triangulated,7,112,228.97,375,0.3,1820.0,smooth_all,188.399,189.035,156.088,156.345,10.352,10.387,8.576,8.59,87.088,95.431,-0.26593,0.17317,-0.03917,0.02619,0.03328,-0.01264,0.02645,0.01581,0.04583,-0.00729,239.417,238.847,156.89,225.888,247.792,88.109,115.186,,231.583,,,219.962,134.004,144.11,268.636,195.987,130.785,1.0749,1.0008,1.092,1.0172,0.9759,1.0802,0.9943,0.9944,1.3593,0.8612
User08,P08_CMJM_01,03,triangulated,7,112,266.65,375,0.3,1820.0,smooth_all,235.511,235.511,235.416,235.416,12.94,12.94,12.935,12.935,106.87,113.648,-0.22903,0.21345,-0.05213,0.00712,0.05768,-0.0133,0.03277,0.02849,0.05458,-0.01072,334.387,325.327,175.499,222.639,347.634,133.528,192.467,,331.388,,,345.353,133.393,102.285,335.328,164.033,152.699,1.0679,0.9927,1.0783,1.007,0.984,1.0848,1.0048,0.972,1.3485,0.8645
User08,P08_CMJM_01,02,triangulated,7,99,326.01,375,0.3,1820.0,smooth_all,301.351,300.705,258.641,258.103,16.558,16.522,14.211,14.181,94.85,114.886,-0.26639,0.07979,0.02103,0.0021,0.02012,-0.00238,0.00811,0.00663,0.01378,-0.00468,319.292,316.247,170.896,173.256,341.216,263.284,365.748,,381.427,,,428.534,358.933,245.316,345.323,265.627,243.814,1.0856,1.0197,1.0859,1.0057,0.9838,1.0659,1.019,0.961,1.4239,0.8902
User08,P08_HOP_01,00,triangulated,8,147,39.09,600,0.3,1820.0,smooth_all,272.932,271.919,253.463,252.467,14.996,14.941,13.927,13.872,71.103,94.59,-0.6122,0.09516,-0.03524,-0.00438,-0.01683,-0.01118,-0.0211,0.00625,0.05065,0.02204,260.209,289.317,294.045,259.746,241.391,384.697,421.658,,200.058,,,216.337,304.982,353.301,155.289,180.299,259.723,1.0776,0.9813,1.0761,0.99,1.0027,1.1139,1.0564,0.9898,1.4114,0.8742
User08,P08_HOP_01,08,triangulated,8,181,67.54,600,0.3,1820.0,smooth_all,232.843,232.843,215.424,215.424,12.794,12.794,11.836,11.836,62.462,75.787,-0.17172,0.05927,0.04972,0.06657,0.04844,-0.01987,-0.03384,-0.00963,0.07329,0.01974,203.43,245.338,259.481,270.62,167.528,259.869,319.788,,153.752,,,139.997,252.138,296.791,147.848,254.193,289.03,1.0671,0.9903,1.0618,1.0017,1.0094,1.0938,1.0194,0.9717,1.3825,0.8837
User08,P08_HOP_01,07,triangulated,8,181,85.3,600,0.3,1820.0,smooth_all,197.96,197.96,176.446,176.446,10.877,10.877,9.695,9.695,61.036,84.53,-0.11177,0.08208,0.05195,0.06143,0.05267,-0.02221,-0.03708,-0.0077,0.0912,0.02513,169.044,218.238,236.041,258.602,129.313,202.141,240.65,,118.659,,,91.942,119.509,209.376,145.458,312.604,319.867,1.0669,0.9955,1.0566,1.0085,0.9854,1.1307,1.0439,0.9844,1.347,0.8641
User08,P08_HOP_01,06,triangulated,8,181,112.96,600,0.3,1820.0,smooth_all,347.668,347.668,325.688,325.688,19.103,19.103,17.895,17.895,55.498,81.991,-0.20989,-0.00578,0.02629,0.01416,0.02093,-0.03636,-0.01786,-0.00951,0.00203,0.00725,327.984,318.744,282.151,242.142,342.543,291.325,211.702,,391.222,,,375.065,481.351,505.649,359.871,367.397,370.205,1.0609,0.9945,1.0569,1.0028,1.0096,1.1512,1.0402,0.9614,1.3924,0.8689
User08,P08_HOP_01,04,triangulated,8,179,228.9,600,0.3,1820.0,smooth_all,190.351,191.043,157.152,156.693,10.459,10.497,8.635,8.61,73.791,87.135,-0.23561,0.08948,-0.02201,-0.01383,0.01396,-0.02626,0.02735,0.00027,-0.021,-0.01603,233.204,212.692,160.526,163.213,259.577,135.066,71.847,,243.574,,,241.557,146.981,154.013,272.822,209.195,160.645,1.076,0.9781,1.0715,0.9955,0.994,1.1279,1.0226,0.9795,1.392,0.8647
User08,P08_HOP_01,03,triangulated,8,181,266.67,600,0.3,1820.0,smooth_all,189.265,189.265,165.954,165.954,10.399,10.399,9.118,9.118,96.409,109.726,-0.18632,0.12586,0.04043,0.07607,0.05638,-0.01384,-0.01435,0.00975,0.09307,0.01052,284.038,301.46,173.295,135.847,272.39,114.524,76.585,,287.434,,,285.424,75.616,73.252,311.41,143.915,114.522,1.0607,0.9784,1.066,0.9938,0.992,1.1292,1.0348,0.9794,1.3554,0.8636
User08,P08_HOP_01,02,triangulated,8,181,326.14,600,0.3,1820.0,smooth_all,234.034,234.184,201.733,201.939,12.859,12.867,11.084,11.096,60.127,64.957,-0.19764,0.02922,0.03466,-0.00571,0.03237,-0.01457,0.01396,-0.00673,0.00074,-0.00629,260.638,284.013,188.329,171.395,248.739,221.013,287.18,,263.293,,,300.718,229.653,128.084,251.723,229.782,211.911,1.0732,0.9914,1.0663,0.9955,0.9699,1.1567,1.0342,0.9632,1.4423,0.8801
User08,P08_HOP_01,01,triangulated,8,1,359.04,600,0.3,1820.0,smooth_all,446.99,445.774,426.27,425.224,24.56,24.493,23.421,23.364,120.199,129.931,-1.18303,-0.08369,-0.33592,-0.42889,-0.16638,-0.07834,0.13543,0.01712,-0.35139,-0.09225,447.305,497.32,380.938,313.237,401.75,435.29,542.735,,459.415,,,486.644,500.328,451.578,430.362,402.804,508.15,1.0919,0.9691,1.0934,0.9898,1.0241,1.1654,1.0571,1.0129,1.4635,0.8708
User09,P09_CMJM_01,00,triangulated,7,89,39.79,375,0.3,1790.0,smooth_all,270.547,269.671,259.913,259.11,15.114,15.065,14.52,14.475,84.616,108.358,-0.47521,0.06825,0.04969,0.10871,0.01272,-0.01591,-0.0364,-0.00126,0.0721,0.02924,235.005,257.926,297.427,236.315,226.63,413.326,441.35,,180.651,,,208.256,339.703,375.525,133.483,196.996,245.062,1.069,0.9835,1.0736,0.971,1.0779,1.0831,1.1036,1.039,1.4264,0.9221
User09,P09_CMJM_01,08,triangulated,7,113,69.54,375,0.3,1790.0,smooth_all,135.172,135.172,159.371,159.371,7.552,7.552,8.903,8.903,58.933,93.997,-0.2921,0.11769,0.02906,0.06614,0.04476,-0.02518,-0.03349,-0.01514,0.09667,0.03234,89.854,121.781,184.563,197.595,87.457,191.257,216.252,,87.641,,,90.384,103.148,158.403,91.513,113.82,158.746,1.0666,0.9948,1.0559,1.002,1.0446,1.0672,1.0526,1.0059,1.3922,0.8899
User09,P09_CMJM_01,07,triangulated,7,113,85.51,375,0.3,1790.0,smooth_all,155.674,155.674,199.572,199.572,8.697,8.697,11.149,11.149,72.092,99.855,-0.22615,0.10419,0.03272,0.09529,0.06085,-0.02517,-0.04371,-0.01479,0.10024,0.03283,102.116,120.583,179.932,189.765,108.029,176.948,174.565,,127.99,,,137.322,122.908,174.829,131.554,214.906,219.866,1.0605,0.9838,1.0472,0.9909,1.0422,1.0937,1.1064,1.0387,1.3833,0.9024
User09,P09_CMJM_01,06,triangulated,7,113,112.48,375,0.3,1790.0,smooth_all,242.901,242.901,241.818,241.818,13.57,13.57,13.509,13.509,62.387,77.203,-0.36735,0.04865,0.01249,0.04119,0.03542,-0.03738,-0.01717,-0.01076,0.0172,0.01142,213.669,202.925,264.025,246.44,234.453,275.725,180.784,,232.626,,,227.223,290.807,354.172,199.074,222.268,256.664,1.0579,0.9887,1.0522,0.9894,1.0587,1.0996,1.0848,0.9865,1.4079,0.9117
User09,P09_CMJM_01,04,triangulated,7,108,228.47,375,0.3,1790.0,smooth_all,174.978,174.9,146.267,146.21,9.775,9.771,8.171,8.168,89.164,98.628,-0.25961,0.12124,-0.03002,-0.00048,0.03065,-0.01295,0.03083,0.01005,-0.00936,-0.01378,205.473,207.32,152.643,245.222,214.397,79.286,104.666,,226.668,,,211.125,139.986,140.28,259.559,154.934,107.511,1.078,0.9716,1.0746,0.9867,1.042,1.0975,1.0696,0.9999,1.4072,0.8976
User09,P09_CMJM_01,03,triangulated,7,112,265.48,375,0.3,1790.0,smooth_all,191.095,191.095,200.957,200.957,10.676,10.676,11.227,11.227,106.246,110.823,-0.2696,0.18242,-0.05114,-0.00421,0.05021,-0.01998,0.02806,0.0224,0.04661,-0.00938,273.159,258.879,166.377,238.843,295.086,151.342,185.497,,232.52,,,249.412,95.964,94.697,233.345,91.375,107.339,1.0724,0.9688,1.0658,0.9848,1.0522,1.0987,1.0812,1.0025,1.3782,0.9008
User09,P09_CMJM_01,02,triangulated,7,95,326.99,375,0.3,1790.0,smooth_all,216.945,212.409,193.009,188.472,12.12,11.866,10.783,10.529,95.284,113.197,-0.27538,0.07088,0.01212,0.00582,0.02119,-0.0044,0.01932,0.00691,0.00613,-0.00749,210.304,229.197,97.609,107.331,213.211,180.54,292.556,,274.86,,,297.26,237.876,109.125,259.608,249.614,278.736,1.077,0.9935,1.0711,0.9867,1.0626,1.0814,1.0915,1.0473,1.4526,0.9093
User09,P09_HOP_01,00,triangulated,8,181,40.95,600,0.3,1790.0,smooth_all,233.556,233.556,184.845,184.845,13.048,13.048,10.327,10.327,54.023,62.915,-0.28786,-0.00847,0.07304,0.07262,0.03898,-0.02547,-0.01991,-0.0195,0.0257,0.01042,216.628,253.228,245.844,214.221,187.741,287.487,352.021,,196.568,,,190.553,207.224,258.464,163.29,223.439,273.083,1.0522,1.0065,1.0469,0.9878,1.1102,1.0792,1.1058,1.0252,1.4079,0.9163
User09,P09_HOP_01,08,triangulated,8,181,70.05,600,0.3,1790.0,smooth_all,157.352,157.352,135.792,135.792,8.791,8.791,7.586,7.586,60.673,82.834,-0.17758,0.0691,0.0401,0.07536,0.04592,-0.02126,-0.0283,-0.01182,0.07643,0.02244,129.226,178.993,184.838,177.35,90.402,156.695,196.448,,101.462,,,80.483,77.693,179.588,116.823,254.209,278.715,1.0541,0.9997,1.0483,0.9877,1.0752,1.0817,1.0787,1.0235,1.3728,0.8921
User09,P09_HOP_01,07,triangulated,8,181,85.76,600,0.3,1790.0,smooth_all,156.663,156.663,137.949,137.949,8.752,8.752,7.707,7.707,66.652,94.216,-0.11232,0.06037,0.04737,0.08213,0.05377,-0.02111,-0.03367,-0.012,0.08003,0.02364,110.241,153.081,177.689,207.338,89.402,162.078,203.086,,73.427,,,88.838,116.75,205.768,95.541,251.565,258.477,1.0539,1.0045,1.0432,0.9921,1.0847,1.1416,1.0983,1.0405,1.3843,0.8997
User09,P09_HOP_01,06,triangulated,8,181,112.17,600,0.3,1790.0,smooth_all,276.074,276.074,235.938,235.938,15.423,15.423,13.181,13.181,51.121,65.339,-0.26045,0.01925,0.01083,0.00474,0.01962,-0.0354,-0.0049,-0.00867,-0.00966,0.00153,258.585,233.638,234.442,227.731,288.02,256.412,185.364,,299.204,,,290.681,356.2,411.767,266.753,269.83,286.41,1.0586,1.0043,1.0505,0.9936,1.0922,1.1431,1.1027,1.0027,1.3727,0.9001
User09,P09_HOP_01,05,triangulated,8,6,157.67,600,0.3,1790.0,smooth_all,321.626,312.36,298.956,289.381,17.968,17.45,16.701,16.167,118.962,132.53,-1.22787,0.04835,-0.3342,-0.39178,-0.14811,-0.04736,0.05962,0.02691,-0.23478,-0.07093,256.518,245.941,401.321,423.81,285.031,321.688,201.453,,235.76,,,195.342,251.976,453.814,274.431,462.296,493.388,1.0834,0.9729,1.0809,0.9754,1.1203,1.122,1.1344,1.0617,1.4471,0.8895
User09,P09_HOP_01,04,triangulated,8,177,227.1,600,0.3,1790.0,smooth_all,178.672,177.553,156.569,155.242,9.982,9.919,8.747,8.673,75.081,90.928,-0.28461,0.07932,-0.01108,-0.00766,0.02649,-0.02854,0.03659,0.00175,-0.03207,-0.0183,204.559,199.668,160.834,190.482,219.342,128.24,85.323,,209.073,,,206.672,188.262,199.37,238.597,155.825,115.166,1.0707,0.9847,1.0643,0.9865,1.0751,1.1136,1.1095,0.9845,1.3903,0.8659
User09,P09_HOP_01,03,triangulated,8,181,265.17,600,0.3,1790.0,smooth_all,171.206,171.206,134.898,134.898,9.565,9.565,7.536,7.536,98.462,101.703,-0.2323,0.15658,0.01236,0.04154,0.04947,-0.02056,0.00189,0.01348,0.06961,-0.00097,251.101,271.307,181.956,167.321,236.468,132.879,116.181,,225.109,,,221.901,73.549,106.32,244.292,89.344,79.152,1.0485,0.9911,1.0633,0.9846,1.0898,1.1091,1.104,1.0227,1.3366,0.8863
User09,P09_HOP_01,02,triangulated,8,172,328.16,600,0.3,1790.0,smooth_all,225.351,224.887,175.074,174.377,12.589,12.563,9.781,9.742,68.224,74.482,-0.25358,0.04454,0.03394,0.00292,0.0363,-0.01291,0.01144,-0.00761,0.00695,-0.00254,237.83,266.533,185.36,141.605,220.117,228.423,308.74,,250.785,,,276.835,224.946,108.232,238.723,236.611,230.179,1.0643,0.999,1.0669,0.9825,1.0652,1.0684,1.0929,1.0369,1.4331,0.8895
User10,P10_CMJM_01,00,triangulated,8,6,39.8,375,0.3,1658.0,smooth_all,506.093,499.731,487.792,480.573,30.524,30.141,29.421,28.985,139.625,188.974,-1.00044,-0.09988,-0.26935,-0.38429,-0.1071,-0.04203,0.07593,0.018,-0.30635,-0.0771,421.037,413.284,565.017,496.894,437.428,689.465,765.278,,308.267,,,374.92,603.554,736.83,245.845,359.217,668.26,1.0469,0.9904,1.0495,1.0087,1.077,1.2546,1.09,1.2613,1.4412,0.9326
User10,P10_CMJM_01,08,triangulated,8,113,68.04,375,0.3,1658.0,smooth_all,198.394,198.394,207.351,207.351,11.966,11.966,12.506,12.506,62.228,99.871,-0.28031,0.09013,0.02784,0.07047,0.05031,-0.02452,-0.01508,-0.01141,0.06496,0.01471,180.638,185.496,238.438,223.713,189.742,284.988,288.558,,108.775,,,117.16,191.644,309.605,82.552,127.098,250.553,1.0329,1.0133,1.0368,1.0175,1.0398,1.1806,1.0254,1.1105,1.3889,0.9154
User10,P10_CMJM_01,07,triangulated,8,113,86.01,375,0.3,1658.0,smooth_all,124.931,124.931,140.341,140.341,7.535,7.535,8.464,8.464,63.795,82.431,-0.2101,0.07691,0.03695,0.09131,0.05781,-0.02789,-0.02561,-0.0135,0.08763,0.02807,91.641,108.503,139.851,130.435,101.828,178.931,151.492,,54.314,,,67.122,107.077,234.684,62.989,114.514,212.129,1.024,1.0005,1.026,1.0048,1.0309,1.2347,1.071,1.1937,1.3342,0.9161
User10,P10_CMJM_01,06,triangulated,8,110,112.61,375,0.3,1658.0,smooth_all,271.387,271.283,265.007,264.785,16.368,16.362,15.984,15.97,70.557,85.256,-0.35905,0.06662,0.04544,0.07048,0.04022,-0.03272,-0.03563,-0.00646,0.05794,0.02135,257.992,250.165,322.432,280.032,271.039,303.828,219.565,,218.6,,,203.52,246.759,396.684,199.472,264.49,372.406,1.0191,1.0108,1.0201,1.0214,1.053,1.121,1.0617,1.1489,1.3612,0.9235
User10,P10_CMJM_01,05,triangulated,8,1,164.77,375,0.3,1658.0,smooth_all,207.613,200.657,207.617,200.661,12.522,12.102,12.522,12.103,131.064,153.06,-1.16836,0.14292,-0.34541,-0.41264,-0.16302,-0.04352,0.05461,0.03995,-0.20708,-0.07021,193.294,230.203,169.672,132.556,176.129,82.099,98.913,,201.14,,,184.4,168.787,334.724,182.249,298.039,454.371,1.0517,0.9901,1.055,1.0179,1.0876,1.2698,1.1147,1.2858,1.4202,0.9236
User10,P10_CMJM_01,04,triangulated,8,109,227.22,375,0.3,1658.0,smooth_all,174.011,173.841,143.674,143.527,10.495,10.485,8.665,8.657,85.364,90.358,-0.24588,0.20179,-0.01547,0.02096,0.0468,-0.01631,0.02027,0.01664,0.05508,0.00014,200.358,197.623,172.215,243.477,212.044,112.396,119.204,,199.769,,,194.593,135.446,116.613,227.353,151.552,152.949,1.034,1.0017,1.047,1.014,1.0379,1.2355,1.0841,1.3486,1.3784,0.9161
User10,P10_CMJM_01,03,triangulated,8,112,266.4,375,0.3,1658.0,smooth_all,186.962,186.943,182.005,181.832,11.276,11.275,10.977,10.967,99.591,104.693,-0.24652,0.16749,-0.02661,0.02518,0.04924,-0.01607,0.01274,0.01771,0.07063,0.00055,244.253,244.179,160.124,180.002,250.019,126.259,124.042,,281.028,,,288.064,121.94,81.332,287.128,129.119,99.976,1.015,1.0087,1.0319,1.0265,1.0542,1.2979,1.0802,1.3621,1.3475,0.9268
User10,P10_CMJM_01,02,triangulated,8,103,326.15,375,0.3,1658.0,smooth_all,199.189,198.061,198.429,197.106,12.014,11.946,11.968,11.888,83.924,90.729,-0.19167,0.03049,0.01811,0.00714,0.03434,-0.00394,0.01388,0.00498,0.00431,-0.00847,187.866,214.595,130.554,130.912,180.259,185.148,275.082,,221.758,,,243.702,204.767,158.749,211.077,221.827,221.596,1.0387,1.013,1.0375,1.014,1.0672,1.4118,1.0752,1.2226,1.4274,0.9217
User10,P10_HOP_01,08,triangulated,6,175,67.78,600,0.3,1658.0,smooth_all,334.404,333.676,307.538,307.022,20.169,20.125,18.549,18.518,68.863,112.51,-0.35221,0.13909,0.03052,0.07513,0.04458,-0.01712,-0.03276,-0.00709,0.10122,0.02587,313.578,328.815,369.571,392.757,304.272,393.519,434.047,,214.724,,,227.335,347.474,445.189,192.234,306.012,412.122,1.0249,1.0044,1.0288,1.0017,1.0505,1.2044,1.0132,1.0806,1.402,0.9391
User10,P10_HOP_01,07,triangulated,6,180,85.68,600,0.3,1658.0,smooth_all,180.759,180.759,164.784,164.784,10.902,10.902,9.939,9.939,64.637,96.385,-0.20017,0.09998,0.04139,0.06916,0.04567,-0.02075,-0.03505,-0.00991,0.10264,0.02863,153.767,189.53,200.362,216.482,134.41,177.5,194.763,,106.689,,,106.549,153.722,269.891,111.043,219.451,299.601,1.021,1.0041,1.0164,1.0035,1.0451,1.2014,1.0378,1.1333,1.3597,0.9346
User10,P10_HOP_01,06,triangulated,6,180,112.22,600,0.3,1658.0,smooth_all,228.31,228.31,203.166,203.166,13.77,13.77,12.254,12.254,61.807,72.954,-0.28227,0.10152,0.01209,0.03082,0.02386,-0.02748,-0.02564,-0.00425,0.06548,0.01936,221.029,199.637,196.524,194.109,247.833,236.683,185.837,,184.755,,,186.662,293.359,426.602,152.718,196.472,276.53,1.0123,1.0035,1.0171,1.0066,1.0384,1.1636,1.0385,1.1088,1.382,0.9393
User10,P10_HOP_01,04,triangulated,6,151,227.54,600,0.3,1658.0,smooth_all,229.964,229.342,183.7,182.754,13.87,13.832,11.08,11.023,76.494,86.8,-0.30599,0.14868,-0.05896,-0.07145,-0.00433,-0.00996,0.048,0.02017,-0.02456,-0.01779,251.931,238.074,224.287,303.432,270.243,187.008,217.716,,245.237,,,244.984,217.012,189.616,274.501,190.544,163.636,1.0419,0.9725,1.0426,0.9904,1.0404,1.268,1.0397,1.2714,1.4281,0.9428
User10,P10_HOP_01,03,triangulated,6,180,266.8,600,0.3,1658.0,smooth_all,175.972,175.972,143.741,143.741,10.613,10.613,8.67,8.67,100.129,102.49,-0.22025,0.1596,0.01445,0.03652,0.04618,-0.01915,-0.00331,0.01362,0.0871,0.00907,228.547,221.98,149.801,153.31,241.064,148.805,135.62,,252.739,,,260.45,89.636,117.673,260.313,100.236,102.616,1.0191,0.9918,1.0277,1.0042,1.0413,1.2989,1.0505,1.2678,1.3569,0.9275
User10,P10_HOP_01,02,triangulated,6,178,326.49,600,0.3,1658.0,smooth_all,211.741,211.771,172.064,172.244,12.771,12.773,10.378,10.389,63.01,67.11,-0.24509,0.03409,0.00028,-0.03776,0.01683,-0.01573,0.03646,-0.00523,-0.05226,-0.02343,210.246,235.1,201.303,219.258,197.747,205.686,294.163,,215.972,,,233.264,190.89,136.081,218.314,212.949,189.368,1.0199,0.9985,1.0404,0.9901,1.0593,1.3589,1.0325,1.1622,1.4423,0.932
User13,P13_CMJM_01,08,triangulated,6,113,69.83,375,0.3,1760.0,smooth_all,166.444,166.268,212.682,212.229,9.457,9.447,12.084,12.058,64.024,109.942,-0.29452,0.12427,0.02506,0.08577,0.04065,-0.01952,-0.03816,-0.01198,0.0975,0.02849,103.276,123.353,194.219,209.437,113.4,209.798,226.181,,136.495,,,133.369,159.905,236.804,140.514,158.748,184.721,1.0256,1.0131,1.0471,0.9754,1.0496,1.1011,0.9839,1.0351,1.3706,0.9718
User13,P13_CMJM_01,07,triangulated,6,113,85.92,375,0.3,1760.0,smooth_all,140.081,140.081,192.611,192.611,7.959,7.959,10.944,10.944,65.347,97.383,-0.26519,0.11002,0.02651,0.09125,0.05228,-0.02517,-0.03386,-0.01547,0.08913,0.02931,114.128,111.727,125.798,125.328,133.012,140.655,129.719,,168.459,,,194.8,148.074,157.375,164.844,110.465,137.051,1.0239,1.011,1.0423,0.971,1.0411,1.1711,1.0377,1.0344,1.3541,0.9618
User13,P13_CMJM_01,06,triangulated,6,113,113.08,375,0.3,1760.0,smooth_all,218.897,218.751,217.006,217.011,12.437,12.429,12.33,12.33,56.482,67.65,-0.36739,0.03525,0.02344,0.05785,0.03035,-0.03455,-0.01995,-0.01366,0.02098,0.01646,197.51,191.988,240.357,198.984,211.37,250.267,154.981,,209.323,,,199.04,266.645,316.934,179.035,201.15,250.439,1.0384,0.998,1.0499,0.959,1.0785,1.2676,1.023,1.0146,1.3261,0.9764
User13,P13_CMJM_01,04,triangulated,6,103,228.33,375,0.3,1760.0,smooth_all,156.876,155.578,130.828,129.241,8.913,8.84,7.433,7.343,79.717,94.518,-0.24552,0.199,-0.03052,-0.01766,0.02312,-0.01591,0.03064,0.01866,0.00479,-0.00329,160.445,166.035,127.87,224.195,168.555,72.006,132.877,,189.671,,,179.385,148.196,159.556,198.843,158.958,109.701,1.0465,0.9984,1.0744,0.97,1.0351,1.1777,1.0556,1.0372,1.3639,0.9459
User13,P13_CMJM_01,03,triangulated,6,113,265.01,375,0.3,1760.0,smooth_all,116.906,116.906,148.579,148.579,6.642,6.642,8.442,8.442,91.398,96.773,-0.27072,0.20606,-0.04933,-0.00368,0.03813,-0.02027,0.02225,0.01979,0.07362,0.00467,127.176,121.92,60.869,142.058,145.453,61.973,124.849,,100.067,,,110.93,121.957,190.442,95.661,82.922,151.053,1.0369,0.9999,1.0646,0.9674,1.0499,1.1768,1.0517,1.0314,1.3157,0.9408
User13,P13_CMJM_01,02,triangulated,6,101,326.33,375,0.3,1760.0,smooth_all,221.741,221.447,197.174,195.765,12.599,12.582,11.203,11.123,93.999,103.137,-0.33847,0.07892,0.02735,0.00855,0.01372,-0.00073,-0.00114,0.01415,0.0311,-0.00094,232.678,237.194,117.799,134.161,250.691,201.454,312.51,,279.424,,,307.561,233.137,119.925,255.111,201.158,221.565,1.0519,1.0073,1.056,0.9668,1.027,1.0654,1.0527,1.0223,1.403,0.9544
User13,P13_HOP_01,00,triangulated,7,2,40.87,450,0.3,1760.0,smooth_all,291.828,277.195,291.828,277.195,16.581,15.75,16.581,15.75,122.05,143.415,-1.26737,0.00325,-0.3501,-0.45957,-0.16195,-0.06633,0.0764,0.01948,-0.25948,-0.04949,195.377,214.578,299.88,260.151,201.221,357.244,424.365,,162.341,,,213.136,482.057,567.272,93.412,207.836,406.725,1.0434,0.9875,1.0481,0.9721,1.0975,1.2127,1.0882,1.1012,1.4553,0.96
User13,P13_HOP_01,08,triangulated,7,135,70.11,450,0.3,1760.0,smooth_all,158.931,158.931,157.147,157.147,9.03,9.03,8.929,8.929,82.525,108.619,-0.19643,0.09323,0.0308,0.0553,0.03751,-0.01884,-0.03442,-0.00826,0.0755,0.02219,95.728,110.314,135.761,143.333,110.779,175.579,226.199,,73.888,,,87.741,286.865,346.837,85.065,142.547,204.401,1.0119,1.0026,1.0209,0.9777,1.0691,1.1655,1.0187,1.0585,1.3828,0.9758
User13,P13_HOP_01,07,triangulated,7,135,85.88,450,0.3,1760.0,smooth_all,141.602,141.602,139.559,139.559,8.046,8.046,7.929,7.929,69.467,94.771,-0.11085,0.08174,0.04367,0.06577,0.04596,-0.02078,-0.0287,-0.00947,0.08323,0.02524,99.749,147.858,169.43,198.155,74.326,126.594,175.401,,75.608,,,85.907,72.976,177.826,87.194,236.725,254.677,1.0154,1.0041,1.02,0.9827,1.0514,1.2271,1.0693,1.099,1.3705,0.9529
User13,P13_HOP_01,06,triangulated,7,135,112.4,450,0.3,1760.0,smooth_all,184.402,184.402,173.735,173.735,10.477,10.477,9.871,9.871,61.302,75.704,-0.27335,0.05929,0.01593,0.02422,0.02205,-0.02902,-0.01688,-0.0081,0.0341,0.01897,161.852,144.621,141.378,127.529,188.635,158.191,105.086,,179.746,,,194.145,317.479,398.325,127.889,132.024,204.721,1.0203,0.9992,1.0197,0.9779,1.0968,1.1771,1.0542,1.0634,1.3405,0.9431
User13,P13_HOP_01,04,triangulated,7,114,227.19,450,0.3,1760.0,smooth_all,153.5,150.826,135.368,132.209,8.722,8.57,7.691,7.512,69.957,80.714,-0.27019,0.09816,-0.01868,-0.02586,0.01564,-0.02401,0.03325,0.00643,-0.03775,-0.01451,175.938,180.871,138.826,201.266,184.429,97.358,96.292,,148.85,,,139.844,133.34,186.928,187.636,160.728,116.689,1.0295,0.9758,1.036,0.9688,1.0552,1.1752,1.0787,1.0211,1.4084,0.9407
User13,P13_HOP_01,03,triangulated,7,135,265.04,450,0.3,1760.0,smooth_all,140.006,140.006,130.402,130.402,7.955,7.955,7.409,7.409,101.879,116.498,-0.17676,0.10882,0.01882,0.01635,0.0377,-0.0178,0.00322,0.01171,0.05574,-0.00159,145.44,171.393,128.791,166.198,132.314,97.41,117.3,,76.32,,,61.685,253.809,290.072,124.185,80.293,114.874,1.0226,0.9917,1.0362,0.9756,1.0529,1.2059,1.079,1.0807,1.3474,0.9296
User13,P13_HOP_01,02,triangulated,7,124,327.86,450,0.3,1760.0,smooth_all,156.048,150.142,146.793,140.162,8.866,8.531,8.34,7.964,94.216,96.69,-0.27571,0.07051,-0.00549,-0.01872,0.02091,-0.01704,0.02018,0.00159,0.00374,-0.00668,154.168,171.778,80.605,95.681,161.081,124.884,216.862,,173.223,,,190.826,110.051,133.225,164.863,163.152,244.28,1.0261,0.9921,1.0419,0.9706,0.9892,1.2408,1.0855,1.0804,1.4379,0.9709
User13,P13_WALK_01,08,triangulated,3,15,70.67,376,0.3,1760.0,smooth_all,253.406,253.406,252.916,252.916,14.398,14.398,14.37,14.37,105.183,130.131,-0.78825,0.18957,-0.12043,-0.17406,-0.01805,-0.00847,-0.01736,0.02189,0.04465,0.02141,276.244,229.979,249.661,302.188,324.737,251.559,308.513,,218.833,,,222.704,249.177,282.524,250.674,192.147,207.039,1.0469,0.9369,1.1022,0.9237,0.9927,0.8934,0.9964,0.9726,1.381,0.9602
User13,P13_WALK_01,07,triangulated,3,40,85.8,376,0.3,1760.0,smooth_all,137.308,137.308,296.09,296.09,7.802,7.802,16.823,16.823,86.04,130.058,-0.26382,0.16524,-0.0626,-0.07411,0.00518,-0.02846,-0.02774,0.016,0.07856,0.03586,51.823,75.976,236.313,334.965,73.726,281.33,270.921,,59.837,,,66.672,111.38,146.685,87.529,82.073,67.785,1.0662,0.8889,1.0886,0.9013,1.0405,1.0602,1.0481,0.9752,1.4095,0.9438
User13,P13_WALK_01,06,triangulated,3,8,111.1,376,0.3,1760.0,smooth_all,185.648,185.648,189.062,189.062,10.548,10.548,10.742,10.742,125.6,159.07,-0.98691,0.03414,-0.20157,-0.28356,-0.08188,-0.01404,0.0196,0.0143,-0.12489,-0.02342,150.485,158.641,200.656,209.638,161.798,203.465,281.614,,105.632,,,121.901,204.399,324.113,96.228,174.109,209.397,1.1488,0.9361,1.0714,0.9184,1.0464,0.9659,1.0397,0.9725,1.3976,0.9477
